{"stats":{"minecraft:killed":{"minecraft:pillager":11,"minecraft:zombie":27,"minecraft:ravager":1},"minecraft:mined":{"minecraft:grass_block":2},"minecraft:used":{"minecraft:diamond_sword":18,"minecraft:bow":5,"minecraft:dirt":2,"minecraft:golden_carrot":9,"minecraft:ladder":2,"minecraft:shield":3,"minecraft:iron_sword":108,"minecraft:netherite_block":42,"minecraft:item_frame":4,"minecraft:stone_bricks":39},"minecraft:custom":{"minecraft:time_since_rest":523,"minecraft:deaths":2,"minecraft:walk_under_water_one_cm":3469,"minecraft:crouch_one_cm":1300,"minecraft:sprint_one_cm":66279,"minecraft:play_time":48810,"minecraft:damage_taken":1356,"minecraft:walk_one_cm":85139,"minecraft:sneak_time":2617,"minecraft:damage_blocked_by_shield":60,"minecraft:mob_kills":39,"minecraft:jump":424,"minecraft:damage_dealt":7615,"minecraft:leave_game":3,"minecraft:walk_on_water_one_cm":3753,"minecraft:time_since_death":519,"minecraft:total_world_time":48975,"minecraft:talked_to_villager":20,"minecraft:fall_one_cm":11440,"minecraft:fly_one_cm":683081},"minecraft:picked_up":{"minecraft:book":1,"minecraft:iron_axe":1,"minecraft:leather_boots":1,"minecraft:leather_chestplate":1,"minecraft:rotten_flesh":5,"minecraft:bow":1,"minecraft:stone_axe":1,"minecraft:chainmail_helmet":1,"minecraft:item_frame":1,"minecraft:golden_chestplate":1,"minecraft:dirt":2,"minecraft:iron_boots":1}},"DataVersion":3839}