{"stats":{"minecraft:mined":{"minecraft:grass":1,"minecraft:tall_grass":1},"minecraft:picked_up":{"soulslikeuniverse:hollowsoul":1},"minecraft:killed":{"soulslikeuniverse:monsterhollow":1},"minecraft:custom":{"minecraft:jump":326,"minecraft:time_since_rest":38579,"minecraft:walk_on_water_one_cm":954,"minecraft:damage_dealt":188,"minecraft:crouch_one_cm":943,"minecraft:leave_game":4,"minecraft:play_time":38579,"minecraft:sprint_one_cm":152955,"minecraft:damage_taken":46,"minecraft:time_since_death":38579,"minecraft:walk_one_cm":119602,"minecraft:sneak_time":477,"minecraft:climb_one_cm":1393,"minecraft:total_world_time":39777,"minecraft:mob_kills":1,"minecraft:fall_one_cm":267,"minecraft:talked_to_villager":11,"minecraft:fly_one_cm":577587}},"DataVersion":3465}