{"stats":{"minecraft:mined":{"dynamictrees:mangrove_leaves":1},"minecraft:custom":{"minecraft:jump":109,"minecraft:time_since_rest":10833,"minecraft:crouch_one_cm":649,"minecraft:damage_taken":10,"minecraft:leave_game":3,"minecraft:play_time":10833,"minecraft:sprint_one_cm":25613,"minecraft:time_since_death":10833,"minecraft:walk_on_water_one_cm":2200,"minecraft:walk_one_cm":32060,"minecraft:sneak_time":181,"minecraft:total_world_time":14484,"minecraft:climb_one_cm":236,"minecraft:walk_under_water_one_cm":185,"minecraft:talked_to_villager":4,"minecraft:fall_one_cm":1315,"minecraft:fly_one_cm":88621,"minecraft:open_chest":1}},"DataVersion":3465}