{"stats":{"minecraft:picked_up":{"minecraft:spruce_leaves":1},"minecraft:mined":{"minecraft:spruce_leaves":1},"minecraft:custom":{"minecraft:open_chest":1,"minecraft:time_since_rest":28904,"minecraft:crouch_one_cm":581,"minecraft:play_time":32187,"minecraft:sprint_one_cm":22032,"minecraft:deaths":1,"minecraft:damage_taken":210,"minecraft:walk_one_cm":19775,"minecraft:sneak_time":1012,"minecraft:walk_under_water_one_cm":1580,"minecraft:mob_kills":1,"minecraft:drop":2,"minecraft:jump":275,"minecraft:damage_dealt":240,"minecraft:walk_on_water_one_cm":5101,"minecraft:leave_game":5,"minecraft:time_since_death":28880,"minecraft:total_world_time":32352,"minecraft:swim_one_cm":20793,"minecraft:fly_one_cm":490502,"minecraft:fall_one_cm":2344},"minecraft:killed":{"minecraft:pillager":1},"minecraft:used":{"minecraft:netherite_sword":1,"minecraft:dark_oak_fence":1,"minecraft:ender_pearl":4,"minecraft:dark_oak_leaves":1,"minecraft:stone":1,"minecraft:clay":2},"minecraft:dropped":{"minecraft:spruce_leaves":2}},"DataVersion":3465}