{"stats":{"minecraft:custom":{"minecraft:jump":59,"minecraft:time_since_rest":8458,"minecraft:damage_taken":10,"minecraft:leave_game":2,"minecraft:play_time":8458,"minecraft:sprint_one_cm":18224,"minecraft:time_since_death":8458,"minecraft:walk_on_water_one_cm":2065,"minecraft:walk_one_cm":25655,"minecraft:sneak_time":13,"minecraft:total_world_time":12109,"minecraft:climb_one_cm":234,"minecraft:talked_to_villager":4,"minecraft:fall_one_cm":1315,"minecraft:fly_one_cm":32438,"minecraft:open_chest":1},"minecraft:mined":{"dynamictrees:mangrove_leaves":1}},"DataVersion":3465}