{"stats":{"minecraft:mined":{"dynamictrees:mangrove_leaves":1},"minecraft:custom":{"minecraft:jump":55,"minecraft:time_since_rest":4058,"minecraft:leave_game":1,"minecraft:damage_taken":10,"minecraft:sprint_one_cm":15916,"minecraft:play_time":4058,"minecraft:walk_on_water_one_cm":2065,"minecraft:time_since_death":4058,"minecraft:walk_one_cm":18840,"minecraft:sneak_time":12,"minecraft:climb_one_cm":234,"minecraft:total_world_time":7709,"minecraft:fall_one_cm":1315,"minecraft:fly_one_cm":13507,"minecraft:open_chest":1}},"DataVersion":3465}